{
  "version": 1,
  "author": "Mary Loftus",
  "editor": "wokwi",
  "parts": [
    { "type": "wokwi-arduino-uno", "id": "uno", "top": 0, "left": 0, "attrs": {} },
    { "type": "wokwi-potentiometer", "id": "pot1", "top": -154.9, "left": -67.4, "attrs": {} },
    {
      "type": "wokwi-led",
      "id": "led1",
      "top": -147.6,
      "left": 157.4,
      "attrs": { "color": "red" }
    }
  ],
  "connections": [
    [ "pot1:GND", "uno:GND.1", "black", [ "v0" ] ],
    [ "pot1:SIG", "uno:A0", "green", [ "v0" ] ],
    [ "uno:GND.1", "led1:C", "black", [ "v0" ] ],
    [ "uno:2", "led1:A", "green", [ "v0" ] ]
  ],
  "dependencies": {}
}